H,H,H,H,H,H,H,H,H,H,H,H,H,H,H,H,H,H,H,H,H,H,H,H,H,H,H,H,H,H,H,H,H
H,1,-1,S,S,S,S,S,S,S,S,S,-1,-1,S,S,-1,-1,-1,S,S,S,S,S,S,S,S,S,-1,-1,S,2,H
H,-1,S,S,S,S,S,S,S,S,S,S,S,-1,S,S,-1,-1,-1,S,S,S,S,S,S,S,S,S,-1,-1,S,S,H
H,S,S,S,S,S,S,S,S,S,S,S,S,S,S,S,-1,-1,-1,S,S,S,S,S,S,S,S,S,-1,-1,S,S,H
H,S,H,S,S,S,H,-1,S,S,S,S,S,S,S,S,-1,-1,-1,S,S,S,S,S,S,S,S,S,-1,-1,S,S,H
H,S,S,S,S,-1,B,P,FP,-1,-1,S,S,S,S,S,-1,-1,-1,S,S,S,S,S,S,S,S,S,-1,-1,S,S,H
H,S,H,S,S,S,S,-1,S,S,S,S,H,S,H,S,-1,-1,-1,S,S,S,S,NG,S,S,S,S,-1,-1,S,S,H
H,S,S,S,S,-1,B,P,FP,-1,-1,S,S,S,S,S,-1,-1,-1,S,S,S,S,S,S,S,S,S,-1,-1,S,S,H
H,S,H,S,S,S,S,-1,S,S,S,S,H,S,H,S,-1,-1,-1,S,S,S,S,S,FP,S,S,B,-1,-1,S,S,H
H,S,S,S,S,S,S,-1,S,S,S,S,S,S,S,S,-1,-1,-1,S,S,FP,S,S,S,S,S,S,-1,-1,S,S,H
H,S,H,S,H,S,S,BA,S,S,S,S,H,S,H,S,-1,-1,-1,S,S,S,S,S,S,S,S,S,-1,-1,S,S,H
H,S,S,S,S,S,S,-1,S,S,S,S,S,S,S,S,-1,-1,-1,S,S,S,S,S,S,FP,S,S,-1,-1,S,S,H
H,S,S,S,S,-1,B,P,FP,-1,-1,S,S,S,S,S,-1,-1,-1,S,S,BA,S,S,S,S,S,S,-1,-1,S,S,H
H,S,H,S,S,S,S,-1,S,S,S,S,H,S,H,S,-1,-1,-1,S,S,S,S,S,S,S,S,S,-1,-1,S,S,H
H,S,S,S,S,S,S,-1,S,S,S,S,S,S,S,S,-1,-1,-1,S,S,S,S,S,FP,S,S,S,-1,-1,S,S,H
H,S,H,S,H,S,S,BA,S,S,S,S,H,S,H,S,-1,-1,-1,S,S,S,S,S,S,S,S,S,-1,-1,S,S,H
H,S,S,S,S,S,S,NG,S,S,S,S,S,P,S,S,-1,-1,-1,S,BA,S,S,S,S,S,S,S,-1,-1,S,S,H
H,S,S,S,S,S,S,-1,S,S,S,S,S,S,S,S,-1,-1,-1,S,S,S,S,S,S,S,S,S,-1,-1,S,S,H
H,S,H,S,H,S,S,BA,S,S,S,S,H,S,H,S,-1,-1,-1,S,S,S,S,S,FP,S,S,S,-1,-1,S,S,H
H,S,S,S,S,S,S,NG,S,S,S,S,S,S,S,S,-1,-1,-1,S,S,S,S,S,S,S,S,S,-1,-1,S,S,H
H,-1,H,S,H,S,H,S,H,S,H,S,H,-1,H,S,-1,-1,-1,S,S,S,S,S,S,S,S,S,-1,-1,S,S,H
H,3,-1,S,S,S,S,S,S,S,S,S,-1,-1,S,S,-1,-1,-1,S,S,S,S,S,S,S,S,S,-1,-1,S,4,H
H,H,H,H,H,H,H,H,H,H,H,H,H,H,H,H,H,H,H,H,H,H,H,H,H,H,H,H,H,H,H,H,H